words,freq
expense,19.364193770094744
audio,19.265586965330968
missing,19.238231679559775
type,19.19157847513135
run,19.056309897467727
august,19.019084644797985
active,18.971730946914953
receive,18.80090879839402
material,18.65082881978265
driver,18.55814016583891
excel,18.46023951952283
outage,18.40148816391487
old,18.199114032813295
per,18.151125089781385
via,18.073872126614873
job,18.048606215098346
sign,17.952940436670364
client,17.829869981730706
correct,17.789997693611685
space,17.731929315099688
dell,17.682204658286253
last,17.681839689720636
click,17.66121467767817
load,17.59553592991982
hub,17.39826255088423
sir,17.397207841960554
group,17.173162267351515
blocked,17.096843681505966
day,17.07048821652495
found,16.881162765400056
shot,16.767930978445584
confirmed,16.744464141793863
many,16.667673870039156
wrong,16.545799817494228
interface,16.529928043083753
times,16.26550089487364
display,16.09937327697755
list,16.0083761156971
machine,15.98402628399098
document,15.975622722817413
code,15.897897022525362
give,15.85311638748804
external,15.82201891806246
doesnt,15.78876274790753
printing,15.742322716583015
make,15.664009321166596
refer,15.59357208184407
unlocked,15.352620004197778
disk,15.292439129108624
used,15.273374746005254
maintenance,15.263279292277465
vendor,15.182733130522534
item,15.171536103022389
fine,15.156089868066736
complete,15.049992003619765
multiple,15.041256880892648
two,15.00344390287731
sie,14.887648253052733
net,14.6124056773656
submit,14.59917740143305
um,14.429267766996517
want,14.360884945750989
show,14.35612814970787
date,14.343277218251927
certificate,14.340741096368047
loading,14.283305654065618
desk,14.189032784616236
sync,14.18509558239976
someone,14.131013240568493
remote,14.08681161200409
checked,13.976010074882746
full,13.928374161136695
es,13.907876341539748
dont,13.86370944626475
longer,13.785048333995343
upgrade,13.723934902420456
local,13.688248622055934
high,13.662595660749718
days,13.517393258218096
home,13.512983294979854
setup,13.350490474547465
installation,13.325702010972451
currently,13.29188129567658
every,13.282130866100248
transaction,13.248259808246285
even,13.202130251820602
analysis,13.134444046329897
logging,13.074327149613598
needful,13.063336992094989
take,13.030225402975477
already,12.993949409268547
go,12.908332245804392
engineer,12.902546199012509
security,12.895194802244008
caller,12.890161369293164
guest,12.745842404822577
well,12.743233635436091
save,12.691452338938019
global,12.505871980742464
agent,12.502740570761441
warning,12.477228502598317
delete,12.413555652363932
select,12.401437907229113
yesterday,12.377147508300697
notification,12.32532676767234
ie,12.315785864075941
tab,12.28063171712202
interaction,12.27535092503546
wird,12.209149715332948
may,12.138727912093554
several,12.135333628528935
po,12.083491623409003
lock,12.07197497059562
week,12.024474909647031
done,12.019746440397114
personal,11.968154336614937
added,11.766475693145061
blank,11.762583690463073
total,11.750420438492934
assign,11.730207596178996
exchange,11.696059122570718
version,11.682419746314997
works,11.546479888529557
coming,11.529809706725226
switch,11.495726503046361
calendar,11.48730197926862
provider,11.4793829509786
web,11.473989583015692
immediately,11.394418986108784
training,11.393842291270788
remove,11.306204662615503
automatically,11.252325656784764
notified,11.214023671027228
investigate,11.206852980985664
internal,11.194739261644905
stopped,11.163442298814823
correctly,11.110939586229389
disconnected,11.059461900140809
line,11.0182136251687
configure,10.975806339297328
option,10.901017873375611
review,10.885029328925405
product,10.877298966146736
wireless,10.8568500168503
response,10.796151992782915
current,10.794337138741282
search,10.775875966214022
stock,10.743114623081008
license,10.724961015157136
activation,10.677234434647039
disabled,10.651967068774447
model,10.650512845495037
restart,10.633982397502415
form,10.625264278669702
warm,10.583645682617378
cost,10.532815293970994
next,10.45914344142947
sure,10.43951060430651
facing,10.434066259071086
area,10.429581789426546
priority,10.407774359241012
reason,10.377857344728637
regarding,10.364476852266131
alert,10.334480250463463
lean,10.307174233351674
dynamics,10.27476063346768
approval,10.24614532901473
without,10.22696623751849
port,10.170263954038056
node,10.145163917285306
source,10.12490843922307
solve,10.114091390930259
directory,10.035911226502627
administrator,10.030924743388269
action,9.965912628536897
mailbox,9.964506665307104
price,9.943385113917639
going,9.93915119258497
sound,9.84036064242043
configuration,9.806236205473551
end,9.75711357781014
incorrect,9.746892219666782
person,9.74377851440491
nach,9.647158791089428
balancing,9.621616002491223
nothing,9.614583403619733
transfer,9.605156887377595
confirm,9.499188477498235
approve,9.426660497909552
attach,9.393832903991125
additional,9.39116590599644
supervisor,9.370526293659346
scan,9.370504743427434
distribution,9.360650817278058
another,9.353888274272993
month,9.301938468390233
quote,9.2962662144167
browser,9.232203165515973
soon,9.22388181193189
destination,9.096784722663985
turn,9.037236388043121
keep,9.035843483013386
profile,9.024969515635602
related,8.978649244704819
effective,8.97682747787545
project,8.969030626689129
copy,8.946762963865396
wont,8.92640413294384
right,8.889133094811834
host,8.87347445935326
freezing,8.801616518239184
boot,8.785405265601247
went,8.776188005215527
assigned,8.766193195606865
window,8.73635575104456
box,8.733057897628763
field,8.718737730254775
hear,8.627303682078788
de,8.531792136446024
replacement,8.508284713073097
threshold,8.418689802285265
read,8.417801777271569
german,8.398533560732131
result,8.363282520930213
example,8.35217721385263
button,8.320378526988673
tag,8.316648444243384
tablet,8.289699164049185
condition,8.275671655727631
lost,8.266083368747207
free,8.261541228530124
default,8.237237350143605
shown,8.230890031187409
inquiry,8.224820860228599
summary,8.207100074331152
side,8.20626933451485
advised,8.195394686503183
incident,8.17702725066064
partner,8.102922158486972
station,8.036871427331988
impact,7.986303211411382
entering,7.915041149701432
welcome,7.911363682946566
latitude,7.907116527415634
management,7.904985364301083
put,7.9009617881848015
description,7.899801684127377
however,7.879237207130948
recently,7.853499898944609
finance,7.833433654568895
launch,7.796801254522164
close,7.795896038309242
past,7.7873359674890725
something,7.720549677043343
provided,7.709954739065832
reference,7.70206461575016
within,7.6854908757515785
reinstall,7.6847738471602955
value,7.673537159002283
manually,7.660576785412329
stuck,7.593390491432628
different,7.58848162358046
affected,7.578972205088119
volume,7.521871086639511
equipment,7.5173370695695745
scanner,7.416381939630742
allow,7.409985422543992
assistance,7.398620607775856
da,7.392256200754182
describe,7.386006502930833
repair,7.354230083084658
long,7.347099766509886
top,7.341878474587876
basis,7.312163639123284
way,7.310351950818562
icon,7.307637693453944
discount,7.305493613753476
importance,7.264385216394659
come,7.259314054098603
card,7.172395259891328
quality,7.160438908548503
tax,7.118555429504157
tracker,7.115409661390442
failure,7.0906249767003695
logged,7.071266459924431
return,7.046008266380398
anything,7.045520914637168
post,7.045266495494647
blue,7.041922723734717
domain,7.037458363816407
warehouse,6.997013212771355
authorized,6.994501619010575
batch,6.970064487006141
forgot,6.96391174877412
function,6.961488523867925
release,6.957754389841651
given,6.944273832799226
didnt,6.867330904866576
key,6.802762235154634
made,6.79849272803957
cell,6.788568440419518
share,6.767556254141675
performance,6.766425954736538
daily,6.756927368414943
urgently,6.734679808418693
billing,6.705213962960861
battery,6.699675871455062
instead,6.661959736778898
sending,6.650173569202625
control,6.6309593890835075
case,6.626697496507525
mal,6.620212894657989
first,6.611684901485001
extend,6.524345005924808
ex,6.523414711790692
viewer,6.523338874476945
saved,6.505801505688328
enable,6.494852296696271
onto,6.474052842174778
think,6.470637757300415
operation,6.469115348802909
single,6.465111634547744
fixed,6.434492079114299
specify,6.414510312666454
write,6.396070424558255
shipping,6.377769515555595
senior,6.361065113286063
restore,6.357772826471584
output,6.340006423790412
controller,6.322246140767969
image,6.292006262999834
always,6.288837611040021
reach,6.278123271018197
owner,6.254021450860158
video,6.22689535050518
alternate,6.213612501269818
shipment,6.198007377165979
removed,6.155707072536318
sind,6.154155609548281
came,6.13096886724769
course,6.129303661459773
goes,6.115611746118571
bad,6.100663314806596
starting,6.097910320701054
worked,6.0921037270252425
mouse,6.077715581552611
recall,6.067911383269096
room,6.065525904900372
critical,6.059423725445344
ship,6.054008772846927
arrange,6.050597127110263
point,6.045099289552403
mir,6.022167621825806
floor,6.021737363972797
bank,6.015885923031353
hat,6.00751866344437
connectivity,6.006559750689024
dank,6.005163326218813
printed,5.997021722868941
disclaimer,5.996066834388793
either,5.989854712941746
setting,5.989219042175457
cache,5.983074121654405
player,5.980672885615599
lan,5.970085596180479
forward,5.966923165372143
closed,5.9472652720299495
count,5.94365304906946
format,5.936989296977543
unavailable,5.930237617961122
general,5.917275604488513
left,5.890363776550383
tomorrow,5.869779412523799
termination,5.844476963612621
successfully,5.842451300786503
people,5.8249776309126196
displayed,5.808191326119087
financial,5.804953918654892
move,5.8046787663317785
seeing,5.803940104959672
seit,5.783004354493925
yet,5.777592889177743
mode,5.742528815354853
exist,5.720932199776344
map,5.677499723243369
flash,5.669219191185761
amount,5.652663240875358
shop,5.636802785981211
frequently,5.626989263943971
adobe,5.620595940152083
utilization,5.615315390747967
conference,5.609666554933462
afternoon,5.597962534320532
os,5.595927953926828
word,5.5798158248910665
technical,5.569841372214471
label,5.556980026995281
deny,5.554197891470368
comes,5.5177141349342875
trouble,5.51344692824765
diagnostics,5.4905231979935065
must,5.48634295001669
amar,5.485655616612083
step,5.417018142978721
drawing,5.400797294641658
maint,5.397033702345485
till,5.3832000360683345
confirmation,5.314272078767458
size,5.280572712332986
loaded,5.273417573316486
media,5.259845597018641
session,5.238741074801822
goods,5.231534060541838
edit,5.226261200349991
bit,5.219828562233986
pay,5.212192062774169
valid,5.204502525776854
properly,5.20315744743328
prod,5.196296549712497
conversion,5.19374365662909
refresh,5.129054272431257
bis,5.127219412480849
plan,5.118242328064
ago,5.100695005299105
part,5.098038370809931
prompt,5.097441369274149
recreate,5.0940716807959525
detail,5.088393995617912
wir,5.088366681830508
activate,5.053671594643367
returned,5.038508635714993
said,5.036870594723533
primary,5.03201082862777
assistant,5.01164463304561
calling,4.997367646545721
booting,4.985569055340963
join,4.984922850163305
conversation,4.973445908742854
traffic,4.972190630873019
solution,4.960799475276419
authorization,4.947849478659635
ping,4.930071748938207
saying,4.913638764900304
moment,4.908937141888313
seem,4.893639619442547
shortly,4.872036505660885
appear,4.857852535023729
verify,4.845982872833113
virus,4.84206951424249
reply,4.831998463693656
travel,4.817726849203564
permission,4.798644565047315
inform,4.793905394413468
pop,4.783757484231003
picture,4.771616448508574
analyst,4.742296176311368
activity,4.682890192558832
task,4.679047870266846
communication,4.677985193666679
table,4.657984469207862
text,4.646853674126233
lot,4.6372333828224646
previous,4.621202893263556
taking,4.619357434533268
chat,4.6095357232108265
accounting,4.59105504118258
frequent,4.5769173301228
weaver,4.5711450113657826
regional,4.5642490326894665
directly,4.552647171602585
visible,4.552198915634843
payment,4.53361875090002
indicate,4.525787602545307
happening,4.493523652486806
whenever,4.4871231339267865
sorry,4.470061944572569
cancel,4.46421639920757
credit,4.461104255819338
object,4.449525975210573
ribbon,4.432379230852605
channel,4.430939745456586
forgotten,4.422948629341164
original,4.421990523002258
causing,4.4135372643202615
pull,4.411156814189423
organization,4.40296264535917
notice,4.3987569562867455
department,4.382967912480974
told,4.366378603990591
enterprise,4.360374584398497
outbound,4.358126255026246
red,4.333236568912632
behalf,4.322677930579593
place,4.305718587476829
forecast,4.300174233750873
path,4.294657440451469
necessary,4.278467649740825
authentication,4.277482668565974
visitor,4.2475799921286725
award,4.233512321743507
intermittent,4.225294462892007
everything,4.179931444680152
never,4.149585833637192
twice,4.149532631036177
pick,4.101932849092157
bios,4.101459312891151
mein,4.098221523185465
turned,4.074277784814003
talk,4.065307967455988
facility,4.042394080240707
eu,4.037120631428356
year,4.021159456114473
least,4.01782334585353
deployment,4.0040703276785825
continue,4.000407461418157
command,3.9875277926596655
headset,3.9832080926523865
lead,3.981596988466337
record,3.9770778512146965
gone,3.972296176901889
standard,3.9695827681592095
supply,3.9582864008605503
impacted,3.9452601557971407
static,3.9202009224401686
extended,3.908640306005593
professional,3.9056376394180945
require,3.8979287795958317
purchase,3.893006292675392
generating,3.8819919076921914
fill,3.875769537535832
input,3.8526927658803882
temporarily,3.849859190786156
master,3.8453093797606654
quick,3.8360783973612573
nor,3.825249873467436
normal,3.8226558979542746
shut,3.8220829503955924
generate,3.8212514989395143
informed,3.8209425832328328
human,3.8171064735506226
assignment,3.8132927072508758
clock,3.811020142519855
replace,3.807625296280353
north,3.8023739748593153
quantity,3.786308944357447
much,3.7854805815752517
extension,3.7745477518650263
charging,3.7738202543892845
believe,3.764710540759754
tell,3.7642489699415895
transferred,3.7488683090035977
unblock,3.7435583702073436
vacation,3.742028037960197
director,3.7279095016252963
reactivate,3.7252078906869297
giving,3.718342453486212
important,3.7103356085346144
em,3.7071447432915487
ran,3.703474356099623
agreement,3.6965455186559786
kiosk,3.694034751055621
average,3.69177530397695
paper,3.663576273445271
include,3.658323395842924
perform,3.657511609977393
rectify,3.6525417500383632
attempt,3.629170313916878
observing,3.618639400494797
weekend,3.613829445861344
inactive,3.6039811337302603
ensure,3.603174406532277
memory,3.6014497599071404
terminate,3.5849829417553094
south,3.584795190545851
handling,3.571057383081888
state,3.5658820429050775
around,3.5651131555922895
operator,3.5628903704156625
empty,3.560994452194327
light,3.5558178751474205
match,3.547474469979134
limited,3.5425374142724295
corporate,3.5279000440101522
mistake,3.522084612149711
incoming,3.515928741693958
book,3.502487736596756
hard,3.4917538357935998
block,3.4907515430996234
might,3.4879683930591847
hardware,3.487946871427594
cause,3.4848118559981525
making,3.478220761320954
content,3.4717644263499667
second,3.438962824536419
role,3.434100070761884
took,3.43026655879012
outside,3.4200415135663174
automatic,3.402458041292693
future,3.3632162953977307
weekly,3.3620239517065205
drucken,3.3506322056709097
noise,3.346221835303713
compliance,3.3453145423776416
pa,3.339734705595196
title,3.330364119074555
lockout,3.3294200450192473
direct,3.314035217287529
win,3.3107771760702693
routing,3.3092792014978314
extract,3.3092098734138906
question,3.300243854240933
adapter,3.294634545763707
touch,3.2907884570885706
broken,3.2843723422498416
based,3.2810028368402038
follow,3.276470996374108
sender,3.272759267111947
entry,3.2719223362391685
administration,3.2712783109114487
bottom,3.2704540945705185
appreciate,3.269821826829241
template,3.267331334978061
retrieve,3.256285012094599
schedule,3.2496328826199448
therefore,3.24892494948434
clear,3.2438389647130252
complaint,3.238539115436285
listed,3.23717238701679
method,3.2353508131490956
ask,3.2325729262187206
receipt,3.207969206029387
asset,3.2051966868877564
detailed,3.197186777397064
moving,3.1793612431528215
availability,3.1733592278461957
taken,3.1592625701976953
explicit,3.1576404110836367
er,3.153841870163733
doc,3.1532142194158257
route,3.147353303101461
couple,3.1466080177356073
category,3.1460107552854457
whether,3.143954296124135
busy,3.143735912633978
null,3.1419744841633035
sometimes,3.1378840436823574
though,3.122632986994708
respond,3.121869551391571
revenue,3.113510287233043
carrier,3.112223372309937
technology,3.09055553156863
virtual,3.08989784664782
impossible,3.087086622790058
revert,3.086013840892521
environment,3.081101860908657
snapshot,3.0779152568461097
weve,3.0390064022809495
handle,3.0360770034213815
monthly,3.022972056396645
hour,3.0154841946391593
everyone,3.0129853073802195
streng,3.008713424874595
bill,3.0035729053980247
speaker,3.003281053051207
reader,2.9999475707176453
mine,2.9985650910634645
module,2.997385237479452
remotely,2.977763564278814
steel,2.968045589343111
cable,2.9647451226436186
previously,2.9500688106616573
zebra,2.946459761196547
determine,2.944654282300302
suddenly,2.9385718633891633
main,2.9348905402510166
sincerely,2.9236818980917607
safe,2.9063053699575825
cad,2.9026026473786546
understand,2.89972614022087
muss,2.885859851020916
speak,2.8853979568284402
min,2.8851417118486427
none,2.8711506445739157
functionality,2.8677593557744436
fixing,2.867269502078929
night,2.8641165956959753
choose,2.8633132268583434
antivirus,2.860126265554994
later,2.847580227229432
russia,2.8384013500364382
specialist,2.8322317211187675
corrected,2.827509902561672
analytics,2.823776124920154
queue,2.822730330383447
registered,2.816482932744133
selected,2.814893644878472
engine,2.8102765721732723
personnel,2.808960295672046
period,2.8085606434315427
expire,2.806532446828795
lunch,2.7938361053488237
consultant,2.792619403733598
delegation,2.7836617588300245
procedure,2.783389653436559
rule,2.7801904012879253
encryption,2.7735755857882523
transport,2.772414361212031
component,2.7518199326769315
uninstalled,2.737625557509015
aware,2.7361109170238946
section,2.7351374618660054
especially,2.7308521657172897
hold,2.726265412044483
sample,2.7235517614105746
private,2.719407307095525
advice,2.7185221013412972
true,2.7167531362122506
man,2.709191496423313
accept,2.706148048219255
contract,2.7052013879167793
import,2.6973416661505407
inventory,2.694750596837501
insert,2.6941007689193714
export,2.684531259098619
inbound,2.683488413687552
stack,2.6821236225961855
thing,2.677813387972321
rep,2.6766700577015645
finished,2.6763544142461217
mac,2.673109697427861
repeat,2.6677519688513565
loop,2.6654609188497425
level,2.6627629867238283
validity,2.6610035396914196
staff,2.658292078459386
insurance,2.655161068036352
payroll,2.654417118030532
rate,2.6502322446403155
refreshing,2.649569507781934
router,2.642909561628776
saving,2.636134230997964
signal,2.6354571028730724
say,2.633024262522629
logic,2.628773247079946
corresponding,2.626212997609658
catalogue,2.6228241192826838
quarantine,2.6219468495561564
position,2.61877327763196
older,2.618008284895155
locking,2.603393012420282
inspector,2.596882990190746
seen,2.5954161509856735
administrative,2.590253017494026
mass,2.5887583372570306
away,2.5804653392166332
logistics,2.5796044045726063
trust,2.5771109799466605
occurrence,2.566109042745942
else,2.565706885452772
morgen,2.5653392711145706
history,2.563697947247631
supposed,2.56108425733054
disconnection,2.555445099702071
requirement,2.5536666113727473
saw,2.544327898275857
proceed,2.542342847629468
relevant,2.536648697082221
conduct,2.534863480215065
enquiry,2.534119889302702
usually,2.530389972379535
plug,2.5266164162998406
across,2.524913400370497
requisition,2.5233609858140196
zip,2.5231236684718192
hope,2.5204771453958132
pass,2.5153475944572508
failing,2.510777334255882
development,2.508586060252948
ability,2.493196868029088
resolution,2.4925952529277673
infrastructure,2.4916454407128423
raise,2.4881029010165348
aw,2.4682114473936094
colleague,2.466812340377013
renew,2.4647212157213954
synchronized,2.4584116054089526
soc,2.449236789212727
posted,2.4461390136703103
disable,2.4452970360617425
ready,2.443794551578712
initial,2.442659306514793
movement,2.4237901324786693
bur,2.422731064186717
newly,2.4218448648003705
variable,2.420607104380465
robot,2.4186308548275828
fi,2.4119581313491127
news,2.4118691838021165
linked,2.40629718532401
bring,2.3920564827376127
target,2.3840204904113835
notebook,2.3822309525513576
raised,2.3751692413638037
continuously,2.374959942240127
packet,2.372588068970512
analyzer,2.3695731928024655
really,2.3674191124934003
classification,2.365313793616342
guard,2.3649494832054887
hand,2.3568765614271276
industrial,2.355786524027909
oracle,2.3530834710627153
particular,2.3276128863271524
stay,2.3273820785693258
included,2.3270356658886717
apply,2.323876123307815
looking,2.323187729169716
neither,2.3142710558320747
immediate,2.3122915836877125
separate,2.307433841998215
demand,2.302107853617642
along,2.2998830601465814
president,2.299041303132985
intermittently,2.2965070746824963
bar,2.296014207123571
known,2.292945494634906
similar,2.2852822978291085
happen,2.282136074141959
final,2.280953051519476
non,2.280225670816484
synchronization,2.2797034819048188
often,2.276520302922302
unit,2.273794818620741
sheet,2.268214766500429
united,2.263504805270663
bin,2.260515639339425
waiting,2.252703652503926
reverse,2.250981949197187
dealer,2.2414792666414955
operating,2.239382663895096
replicated,2.2349194410347994
defined,2.234269588535208
picked,2.2267349821921796
member,2.224345441426389
chrome,2.2051394996250933
ascii,2.2012420539410282
hex,2.2012420539410282
great,2.1982328442956613
intercompany,2.19275605454273
invalid,2.1923494870955467
applied,2.1904680322508834
warden,2.1865166138090872
enough,2.1854021127892764
duplicate,2.185159814085822
big,2.180551183868298
unlocking,2.170845373573804
profit,2.1656506204369657
requester,2.1621240713787615
grade,2.15327469161866
physical,2.153184684010915
dan,2.1523774792531394
anhang,2.146419101926058
determined,2.1454404730200634
china,2.1444893825855007
appropriate,2.140838939060169
selection,2.137527281978275
pending,2.133392376926002
execute,2.131293703364246
swap,2.1290784403863308
regular,2.126256771654288
android,2.1220190908901864
blocking,2.120001072848213
various,2.118635725824331
crash,2.1176790219645163
designer,2.112173059921439
hence,2.1074845668714
accepted,2.104102919373376
concerned,2.100390705530087
processor,2.0930928016473853
stop,2.090759871098111
secure,2.0842333894330647
beamer,2.0803867646855463
difference,2.0798870567925603
party,2.0762651426375296
dock,2.0732380439791633
trailing,2.0722809647141256
kabel,2.068930778971621
delay,2.0681444026632483
leaving,2.0648317885748155
push,2.06165175027655
signature,2.056998200091027
miro,2.053168376463665
inside,2.0512995727374124
cisco,2.042513373452801
gave,2.0344825049138433
azure,2.033760351217
migration,2.030720129337201
little,2.0306926515157406
recover,2.0258343128276626
permanent,2.024599189395506
consignment,2.023652974204279
font,2.0200134971694954
remember,2.011039969677436
faced,2.0097880564352852
background,2.00793873506285
accordingly,2.006613744270284
difficult,2.0064261836571977
difficulty,2.003120431913816
weight,2.0025837169763405
blinking,1.9965576491134953
coating,1.9903696976003464
shutdown,1.9900363199353621
briefly,1.9878657767384942
recognize,1.981299238822933
invoke,1.977134234959245
build,1.9754544345984295
validate,1.974695372764224
present,1.9740904652306681
snap,1.9730991242565084
en,1.9717243665811508
archive,1.9717057122864539
according,1.9716387660982662
storage,1.9701908231021392
sab,1.9695479893428074
credential,1.9676672641303934
charge,1.967563076590351
technician,1.9664724421998605
dev,1.9662716006037684
se,1.9534578191455017
vice,1.9533792004568669
former,1.953254626282578
completely,1.9528746575737348
despite,1.9419325636758387
insufficient,1.9415757629468828
grinding,1.9402455725664214
laser,1.9398448463863383
thanks,1.9394587332025504
randomly,1.9364933089011467
terminal,1.9356855313918098
browse,1.9315253921890763
large,1.9286919135352616
outbox,1.9282473551311219
cycle,1.9277230734747814
convert,1.9255157469069766
instruction,1.9223540633250686
three,1.9203826173195113
currency,1.9176276409325579
white,1.9168719154440224
unreachable,1.9158199366088828
mobility,1.9144629790765242
double,1.9141399015915455
aborted,1.914099640317892
whole,1.913443107316641
ar,1.9104561960267763
extra,1.9097772620066982
unauthorized,1.903829469862896
far,1.903616803758377
reaching,1.9008481034599802
speed,1.900097766400011
chance,1.8994358138157206
package,1.8991853774091174
drop,1.8962797851859459
wasnt,1.8905788856888042
play,1.8866865786190408
timed,1.8846149774533414
knowledge,1.8822575331528035
bug,1.877286796047788
mention,1.874379374560826
relationship,1.8739052934020641
encounter,1.8683086861906717
met,1.8661767127854068
press,1.8641376634051379
script,1.8600082786603516
legitimate,1.8590511573930435
medium,1.8587711092210688
half,1.8579982712382757
wi,1.8576365806411723
public,1.8538871614601211
mount,1.8537258355850712
head,1.8537029175200415
although,1.8510285334188283
protocol,1.8490408775528355
shift,1.8391350317136697
relay,1.8375926508992821
unfortunately,1.836890345991254
policy,1.8368409760326703
responsible,1.8340883245885053
creation,1.8335295919841554
proper,1.8318960191757743
building,1.830197227779328
removing,1.8300035620356563
upon,1.8177207952889913
acrobat,1.8169485077304113
slip,1.8143659063379003
dial,1.8123609196374466
alarm,1.8055068541632835
associated,1.8043744844688194
library,1.8027082040521978
near,1.798795430017308
voucher,1.7948238506325418
tone,1.7905201021594075
fence,1.7887298694578955
region,1.7791064489392958
vat,1.7765750319704625
shipped,1.7758266905654283
differently,1.7719374132455763
receipts,1.7698234332431366
supplier,1.7646887488181284
exact,1.7628332656270265
consider,1.7621278817966868
usage,1.7582635528923827
salary,1.758078371687454
plus,1.7577223555812265
limit,1.7559306258416043
flow,1.7555019700626078
almost,1.754324537850368
recipient,1.7531653483830845
common,1.7521456677941842
fail,1.7470509464396375
remains,1.7454460806247003
forwarding,1.74398287712134
indirect,1.7415217823567355
permanently,1.7410841874577545
compatibility,1.741081470808203
concern,1.7406082801371814
overview,1.7398146267837418
bob,1.737170760620097
zero,1.7361574693966548
expiring,1.7359624442372896
partial,1.733542808260306
handy,1.727444476879925
yellow,1.7264519281020545
temp,1.7262384264157935
balance,1.7241757484177227
documentation,1.7195823668524284
infected,1.716978897202249
incomplete,1.7139657880110066
filled,1.7094875050666165
rounding,1.708327380132157
kingdom,1.702380563709529
sponsor,1.7022979526625985
music,1.7014947615510603
sensor,1.7004004204893517
slowly,1.6993172505985632
entire,1.6981066119789996
reminder,1.6978307525471854
unsuccessful,1.69599968844271
repeated,1.6942638812833744
become,1.6915178545472098
hip,1.6904457434820448
fan,1.685428544346176
major,1.679941356959141
menu,1.6796110903228931
ort,1.6758422993800157
projector,1.6715363832662877
joiner,1.6698975871876298
experience,1.6646778946330558
maybe,1.6646216148128055
deactivate,1.6619435706317762
thank,1.6566507340582957
world,1.6555814747292428
sherlock,1.6553948257989182
shutting,1.6479520727876578
tape,1.6458693380563287
actual,1.6444688258041
chassis,1.643707879830281
sinkhole,1.6427350832627012
constantly,1.6425316364711384
educated,1.6420570927738822
tier,1.6410545713849787
statement,1.6351381416682131
wallpaper,1.6302268399124582
feel,1.6265945985224548
contents,1.625789857642042
audit,1.6245074089389557
rest,1.6229958612429694
huge,1.6206548948113821
register,1.6198791463687063
mu,1.6174830986407724
links,1.6110961440913292
planner,1.6081657271289176
counter,1.602533148402145
synch,1.601916754931576
avoid,1.6017733769409181
situation,1.5975976460759784
involved,1.5905136233257797
recent,1.5892650180217307
corrupted,1.5890618256680107
track,1.5882508195732625
posting,1.5839404145245126
ref,1.5832923239236054
male,1.581495360875132
frozen,1.578790201418243
success,1.577121452444605
stage,1.5760385879392698
third,1.5743773460344845
quickly,1.5718249262607857
ever,1.5694543776201217
modify,1.5662318207712111
specification,1.5661024066777753
anyone,1.565117485248017
greatly,1.5623728824696879
reimbursement,1.5621242334799936
trainee,1.5612896520252448
cursor,1.560736150020931
specific,1.5585894589939355
appointment,1.555958371862032
reimage,1.5555693005926168
less,1.5550266041065774
indicator,1.5543380016709722
oe,1.5530308200613432
force,1.5522715712643478
sept,1.550210168041419
theyre,1.5489344594931924
thought,1.5471499296258517
design,1.544006796703224
ce,1.5437681037649473
pi,1.5425380861496947
potential,1.5401625401403727
adoption,1.5361964176628322
buttons,1.5357234397199406
root,1.5342982482987788
deliver,1.5298371536167785
reps,1.5253320889307935
portion,1.525181571559314
unless,1.5205194312679826
copied,1.5150865684194983
answer,1.5110590629747898
short,1.5070917786090896
populate,1.5061838130468916
reconnect,1.5061518588782459
licensed,1.5032668988912048
assume,1.5017750848913773
saver,1.5007567740827417
iso,1.5001379872348117
quite,1.4917773786140658
soft,1.4904785885907832
normally,1.4897443505629828
custom,1.4891820564695408
suspect,1.4888172208145714
traveling,1.4866149980289969
campus,1.4864542129540772
favor,1.4857240136135919
scanning,1.4855367016168377
statistics,1.4834692408234498
loss,1.4814218599260747
together,1.4813195026062205
score,1.4803481687924553
exit,1.4798845256236628
patch,1.4792948189161312
core,1.4738695775759636
inspection,1.470549701507016
accidentally,1.4688317415689787
special,1.4678787531569206
finally,1.4658472585131608
wild,1.465782380675291
rather,1.462986312397937
scrap,1.4606418904910865
specifically,1.460333343981868
sec,1.4593858753902464
quotation,1.4565598331787246
arent,1.4532787060934926
improvement,1.4530630922221275
serious,1.4520749310924745
court,1.4515849685886284
joining,1.4476571469780457
ware,1.4457127344697127
launcher,1.4367440739382
issuing,1.4352202110355514
wondering,1.4351215097505323
maintain,1.4309598547636802
accessible,1.4304901140170978
unread,1.4303581912742953
except,1.42739258825225
thats,1.4264428888902758
dash,1.4252286593921348
calculation,1.4221409827191294
authentic,1.4210401540111612
converting,1.4178080791448737
nightly,1.416663154373865
resource,1.4116885671686032
stays,1.409712155082984
respect,1.4073429230460315
front,1.4051702434786106
badge,1.4032841326869043
bom,1.4027051753531352
intern,1.4021115300894316
hotel,1.4011862425016335
para,1.4009287744216006
expedite,1.4004558619160616
loin,1.3947749149781759
paternoster,1.3934597696735063
filter,1.3842740070287871
trunk,1.3837992251475955
outgoing,1.382969649935624
reassign,1.3827149879288603
searching,1.3729610967757762
evening,1.3722490447729825
shopping,1.3697898158042103
figure,1.3672085943268741
solid,1.3663385458690738
sort,1.3647216154728978
low,1.3632981001234807
correlation,1.3617297556519443
loud,1.3614130508339737
auto,1.3603040450909478
ca,1.3594485122418272
carry,1.3553924160642719
calibration,1.3527689552174893
wrote,1.3522609676225392
precision,1.3486576263190717
zone,1.3483514281926496
wait,1.3460663012117036
poor,1.345921393009279
confirming,1.3452185191090886
sufficient,1.345019946937412
acceptance,1.342925171113189
termin,1.34169405252497
assurance,1.3381114368889864
undeliverable,1.337987948132747
forbidden,1.3351134028506726
village,1.332875363762017
capacity,1.332315730733654
finish,1.3300700333702666
identify,1.3287792282699113
peer,1.3286546094118643
minute,1.3279110847032578
temperature,1.3249668599244422
savin,1.3249174615013328
color,1.3244479667942444
toner,1.3217936101578636
eligibility,1.3176121209709526
flashing,1.3161255238076526
tech,1.3137835876513482
eastern,1.3136461744831798
possibility,1.3116878557693046
turkey,1.307813998711897
beyond,1.3076165782460976
parent,1.307350315023713
duration,1.3015579532861974
mileage,1.2972719235842871
capture,1.2965430886105147
chain,1.2952650548480689
snipping,1.2887242112631516
compensation,1.2872833226048264
finding,1.285457187194374
actually,1.2847856765018033
shi,1.2810972080434144
layout,1.2783775961023613
interruption,1.2779671024772756
anyway,1.277120200329479
copier,1.273256123721157
communicate,1.2729001927634893
inconvenience,1.2718432126898565
leave,1.2683417334812552
cube,1.2640969976455962
base,1.2632571022690486
fault,1.2613854398759947
kept,1.2578456070313113
advance,1.2576982508661687
store,1.2564825469275516
unmonitored,1.256453999505833
header,1.2547286041153516
begin,1.25393534140894
pro,1.25387254773586
ownership,1.252309872822965
attention,1.252263614053857
wo,1.2506643825908674
plugged,1.2505899839164818
otherwise,1.249272647437033
hit,1.248310140546413
recording,1.2480974053092981
cloud,1.2407384110584943
converted,1.2403728354753527
explanation,1.2374184669103754
range,1.2364751732708679
sold,1.2321317590732535
foreign,1.225692961664238
repeatedly,1.2251654724226868
clip,1.2242635650153528
deletion,1.220152546789329
ringing,1.218806066189855
tables,1.2179891108981142
cutter,1.2161487756097535
suggest,1.211888394989022
kit,1.211371069540432
possibly,1.2094481440699614
macro,1.208323171869489
thrown,1.2061861898438322
con,1.206074625077257
buyer,1.2055115765508155
scroll,1.2053988488801557
panel,1.2053326515721654
digital,1.204994147246813
matching,1.1994760485707103
revise,1.1988518721026935
cold,1.1969395959200775
column,1.1933867378617289
telling,1.1931878636314832
resulting,1.1919990040996125
successful,1.1910301664185323
basic,1.1906779809544903
wouldnt,1.1878091952107046
indexing,1.1874454802450085
adaptor,1.1829956447961378
downgrade,1.1814698393695509
effect,1.180065397078598
console,1.1793389145006263
instance,1.1792347912297696
direction,1.1740953368440847
vulnerability,1.1723693115067313
maximum,1.1680795719683883
ontology,1.167732800065178
th,1.167639987470925
hanging,1.166153130753295
manual,1.1655330932840637
idea,1.163636735733883
country,1.162678432903883
genuine,1.1607458010609433
reject,1.1601656396740367
distance,1.1589146632109066
trial,1.153810121794952
charm,1.1523314821517414
train,1.1512343404916878
inconsistent,1.1463997887921769
oh,1.1458057054265272
claim,1.1425865910495556
coffee,1.142430784706378
likely,1.1421880385382457
bulk,1.140446182089905
ignore,1.1374236465050445
increase,1.1361557545338945
territory,1.1339563328551066
temporary,1.1324932468922748
air,1.1323439106842363
segment,1.1319258721737675
bucket,1.1304802269825527
executive,1.1296975775447815
apprentice,1.1296004385624907
completion,1.1282517930350777
money,1.127593026626133
ring,1.1274649712056222
whose,1.1261877546862147
whats,1.1219952071955592
stream,1.1183153717414636
stand,1.1182514870267775
crackling,1.1162485227218553
dot,1.1144936155695395
platform,1.114461729384457
fully,1.1140413479419387
calculated,1.1129002161711943
sidecar,1.1118982311062569
prior,1.1111115586928495
excise,1.1099524152122866
settle,1.1090857158029153
replicate,1.1063323964435705
addition,1.1048758176970528
probably,1.1029787403029951
representative,1.1015095180586059
operational,1.1013028371558915
trade,1.1007530912352006
attend,1.0997121146889401
gain,1.0984881803151463
clarification,1.0975253320655194
advanced,1.0963315896882753
central,1.095513666081001
real,1.090523373692686
hearing,1.0882180972089839
commodity,1.0858956467423644
lotus,1.0836470049321323
road,1.0792967015232326
king,1.0792967015232326
misconfiguration,1.0787443441888
reflected,1.074878856194136
rebate,1.0741048470007593
ethical,1.0701692858640868
damage,1.069390824131345
wise,1.067735867393765
distributor,1.0632461317911202
campaign,1.0613603423330595
heading,1.05967308188804
interrupted,1.0592721338799274
junk,1.0591272823158415
hot,1.0561391295204774
participate,1.0558386015863197
lab,1.0556293988430352
contain,1.0525008787694308
reliability,1.0464657932187926
unchecked,1.0433236490519957
filtering,1.042166872676445
triggered,1.0413129128595673
scratch,1.039808222366762
higher,1.037982370639476
intended,1.0340958654913583
universal,1.03199859671186
reading,1.0307544836423863
notify,1.0284925484559362
anniversary,1.0249482397462182
faster,1.0243441584308541
approver,1.0221092447319047
authority,1.0202557759753634
validation,1.0169129891846733
hall,1.016455227555554
assuming,1.013118928807054
motor,1.0120151115741214
dob,1.0112119896466207
repository,1.0091660264239608
employment,1.00867465815501
late,1.0065105278564161
continually,1.0049390651856074
executable,1.003390738148073
prospect,1.0033685038009814
massage,1.0014292197789396
orange,1.0011755407928808
nobody,1.0008243287447822
defense,1.0
gar,1.0
malfunction,1.0
accountant,1.0
prof,1.0
alter,1.0
externe,1.0
lager,1.0
ted,1.0
tasten,1.0
micro,1.0
flickering,0.9994876324250024
totally,0.9950684201241209
regularly,0.9942636210917406
campo,0.9933183887797411
trigger,0.9926513931647195
delta,0.9919531806771289
recognition,0.9913202836637712
reopen,0.9905601740655969
explore,0.9900870068897023
tonight,0.9900405421828822
bigger,0.9897340200462112
dropping,0.9894966458008909
somebody,0.9872168970069577
memo,0.9858781535784458
perhaps,0.9839415773817515
outdated,0.9825209112942178
timecard,0.9823346280329595
june,0.9817516083637938
cracked,0.9797848059232728
wer,0.9785683040627535
probable,0.978011371691202
listener,0.9767647213954653
sitting,0.973437300419511
faulty,0.9711955058596203
galaxy,0.969138411443048
invitation,0.9679110142014637
switching,0.9674216968478292
detect,0.9672419933485408
elt,0.9659017997214776
severity,0.9657831977968117
variant,0.9654593223826438
forcing,0.9651429442716657
percent,0.9633545222840275
jet,0.9614591352946369
freight,0.9605530653385418
booking,0.9604767723689556
transportation,0.9587999672309673
regardless,0.9585585812258954
patent,0.9583804706679739
blocker,0.9579691002625161
feedback,0.957716859547675
verification,0.9534737614521128
pose,0.9528600825246847
dialing,0.9525364427911653
hanna,0.9519443290006402
buffer,0.9508309648015061
holiday,0.949286500041686
war,0.9487664442702577
branch,0.9466085569934933
pacific,0.9455210666533129
sale,0.9455044114079656
affect,0.9429024721643557
fast,0.9413421071794532
factory,0.9413388685262196
malicious,0.9412097056041206
lose,0.9399530843719657
rad,0.9386766819884075
infection,0.93754292433251
calculate,0.9366649124367066
correction,0.9363363222238255
japan,0.9362439413289876
cute,0.9324834417309655
built,0.9303017725978378
element,0.9301011516444295
stolen,0.930051626604354
wherein,0.9278863183197964
threat,0.9269192262090558
powder,0.9268817357363645
nearly,0.9262463472684256
domestic,0.9196666281436743
escalate,0.9181745863400217
mi,0.9169099720822916
ahead,0.9153091226538957
cubicle,0.9099375955607278
reversed,0.9083244532102568
purpose,0.908041177016904
salesman,0.9074146394715538
throwing,0.9050771582405939
presentation,0.9049862589066998
obtain,0.9038827390826619
art,0.8998921999257539
breach,0.8996952628164996
small,0.8991539636259986
chose,0.8939230243610155
keeping,0.8918752747135148
studio,0.8900200775559723
assembly,0.8899995619840366
collaboration,0.8898807038557871
selector,0.8895085153836748
notion,0.8889768288763958
certain,0.8846101273864723
coast,0.880756935557343
understanding,0.8742447014975954
reconnaissance,0.8694297630460229
expiry,0.8692040942977852
bare,0.8687951661931438
proposal,0.8666920410227746
tor,0.8663470399218923
theres,0.8662535848077988
extraction,0.8652472716789197
somewhere,0.865187209078917
werent,0.86410503788071
latency,0.8639173159221973
furnace,0.8633418830862436
stated,0.8630740134977196
gruss,0.8627046470447752
extracted,0.8610547666165822
revision,0.8598558942672743
apart,0.8578046340690764
reflect,0.8572016409878089
cut,0.8556209043465284
benefit,0.8546746230983873
tooling,0.8546686490484019
pin,0.8538767927801973
execution,0.8528585239091202
overall,0.8520400187425744
belong,0.8520254983888472
loggin,0.8513389138418149
evolution,0.8507816259090403
invite,0.8502490419984934
ae,0.8500129759029659
duplex,0.8496799045105586
sar,0.8492142646070054
march,0.8468950663528547
anybody,0.845914408458745
flecken,0.844520503959996
wire,0.844520503959996
oclock,0.8434887395302162
cabinet,0.8401814039024276
simple,0.8400477584468455
subscribe,0.8374139927815454
favorite,0.8358592918847972
ill,0.8335837657157305
property,0.8321217569435344
accidently,0.8303444016228967
datum,0.8302070234669048
communicator,0.8279997332837719
behind,0.8260780243007372
dynamic,0.8257035282621249
protection,0.8253991162074344
division,0.8250807168205001
familiar,0.8238920409986478
consulting,0.8222324270026897
feed,0.8222275074082687
seep,0.8208154370293028
secondary,0.8195805438686166
usual,0.819438996378903
incredibly,0.8168851706629326
cleanup,0.8162615395529627
choice,0.8154923398923069
measuring,0.8152581244855459
stopping,0.8133325385003563
sa,0.8126791865444916
presently,0.8122275391162178
rob,0.8119909000558868
commercial,0.8109679998940711
live,0.8103199809964857
adjust,0.8101738422207331
affecting,0.807599406823299
dual,0.8069674453228254
orientation,0.8069295051685361
round,0.8059871695901502
behavior,0.8049411090937759
ancile,0.8027944452611416
chosen,0.8009809647435052
ended,0.8007911020095084
counsel,0.7985623054535194
halo,0.7978654967677055
footer,0.7978362870178584
restriction,0.7973989466327392
international,0.7967998616818817
bench,0.794035484362501
reinstallation,0.7936785414605849
individual,0.7928950993043273
combined,0.792876859606864
directed,0.7916577649616838
written,0.7905218208888233
meet,0.7897075582739171
lat,0.7871238721781683
apparently,0.7869877881157339
mean,0.7866288473916969
plot,0.7840981267978135
michigan,0.7837730118335
approximately,0.7831508868899594
solver,0.779012190193338
spare,0.7787214748849864
respective,0.7782593315554397
pack,0.7776700479286016
explain,0.7776335821591844
stall,0.7774465951411771
ground,0.776996668662776
unlook,0.776945331203375
grind,0.775234416064368
treat,0.7752161865556846
alfa,0.7751506316546521
smart,0.7750211639672031
switched,0.7739413573312737
sum,0.773517959288583
schneider,0.7724905259013564
hire,0.7715775340897867
loaner,0.771281281663083
manipulate,0.7707733857151073
drafting,0.7705674356109178
div,0.7687242858695646
cam,0.7687030728789161
occur,0.768634282743281
preview,0.7671392121407222
genius,0.7670553616041482
worm,0.765020633640659
ladies,0.7644585633274205
watch,0.7637984668709354
surely,0.7636368400614689
ghost,0.7623186957741036
tun,0.7603144325102708
productivity,0.760207727786533
established,0.7554486145554494
dead,0.7542826104552398
worn,0.7541835927121711
minimize,0.7532703451234164
rod,0.7512266454095721
unlicensed,0.7511119945707564
headquarters,0.7488696220604757
junior,0.7471499715770901
trace,0.7463638655034919
lap,0.7460613895682217
registry,0.7449291839466146
incorrectly,0.744784766156447
ha,0.7439645756877005
blade,0.742842526069047
portable,0.7411626086844855
havent,0.7390675635138236
kick,0.7385944627087322
definitely,0.7380559896978491
cord,0.7373075356630476
serial,0.7356405862400142
browsing,0.7355376410638341
guess,0.7341159446478284
anyways,0.7332872308151929
bosch,0.7314215592054191
templet,0.7300764788096202
settlement,0.7293663095606084
landing,0.7278176776426482
guide,0.7259214486765778
spoof,0.7257961489589391
alt,0.7251621401723978
leaves,0.7246032168526998
ersatz,0.72338418237305
spillage,0.72338418237305
primarily,0.7232149908781117
communicating,0.7228923543520355
layered,0.7228560415306031
sub,0.7227309945479501
subjected,0.7225348229338994
watcher,0.7225168870721316
altogether,0.7219233442868679
measurement,0.7219233442868679
mask,0.7195677404434209
restoration,0.716024382173059
rack,0.7153884681979705
hey,0.7140750342370352
subsystem,0.712977279074787
feature,0.7117325878084261
optimization,0.7116003317930422
outbreak,0.7105649784872312
investigating,0.7091336687575328
customs,0.7079826053265722
fall,0.7067572826460822
developer,0.7065069012490991
labor,0.7043796468667786
authorize,0.7038500427410705
synchronize,0.702583790426041
filler,0.7015578638327262
graphics,0.7013094912423127
whatever,0.7011178133544509
beginning,0.6983378587474465
agora,0.6981254657454001
mandatory,0.6961566968758481
writing,0.6944149602165851
standstill,0.6942654379396933
stope,0.6942264274817495
deploy,0.6937212552730156
corp,0.6931727478403518
outstanding,0.6927776839922632
offer,0.6918774854231384
hell,0.6889998337315711
subcontract,0.6883743361273917
rough,0.6883743361273917
compatible,0.6840805865248567
construction,0.6837655019058669
sao,0.682393086614218
drill,0.6823803361003801
numerous,0.6819071874146003
utilize,0.6817093361354806
lobby,0.6813689939911514
concerning,0.6812109314015512
practice,0.680551740741751
lit,0.680052060125479
reachable,0.6798780480873261
til,0.6795670980880006
originally,0.6795045874337657
chief,0.6794200583135903
ana,0.6792006296183454
breakdown,0.6790839394555636
apologize,0.6789515230281866
bright,0.6787543953190398
face,0.6785994762501402
madam,0.6785659657142142
seek,0.6784712976615352
canada,0.6764691937941931
partially,0.675749595606902
marcel,0.6750356790149074
ser,0.6748332108475028
unlinked,0.6744547855857812
worse,0.6735730797399797
dump,0.6721605653249167
personally,0.670969810364261
booked,0.6704386828429474
life,0.6701164196928207
justification,0.6697136768264833
excellence,0.6687821543609106
paint,0.6686493996415526
builder,0.6677723259570112
incompatibility,0.6670290025339985
proofreading,0.6659834228282758
circle,0.6649542320508678
unsupported,0.6639109441464679
vulnerable,0.6631876092567146
alto,0.6630967749050445
row,0.6621913994755174
ordered,0.6616895363951085
audible,0.661649061706421
mysterious,0.6610775977733466
hierarchy,0.6610347120716548
theme,0.6602924728023619
buy,0.6601539692976419
defective,0.6589761082482697
convenience,0.6580642776537435
easy,0.6573738232785572
unrestricted,0.6569107525767113
auditor,0.6565744074810529
surname,0.6558518819624953
continuous,0.6555660687439082
quarter,0.6551057957860958
polish,0.6546563222172334
ear,0.653923056746364
tck,0.6538819001321582
charger,0.6536603909476417
risk,0.6530513981317619
bonus,0.6494609381095449
deal,0.649425463426142
ray,0.6493686174964753
town,0.6490415427634441
better,0.6487736274032609
dose,0.6487135423375061
awareness,0.6470818045289455
leader,0.6464096179955304
banco,0.6443364223891398
lower,0.6441810365441063
connector,0.643916634300732
probe,0.6423193700395958
cart,0.6410666887709612
opposite,0.6398112878904493
fiber,0.6394057048215636
anywhere,0.6391883236950251
upper,0.6388682184290781
reconciliation,0.6387518491582467
apt,0.638109531343946
calculating,0.6376209483277311
quadra,0.6363971191184965
dicker,0.6354052293655873
stamp,0.63494099722419
planet,0.6346392432275506
provision,0.6341850578223835
effort,0.6341536530629032
proto,0.633928042676287
ale,0.6329175431547244
broad,0.6326661637515332
band,0.6326661637515332
meter,0.6324791974815026
subsequent,0.6316293745146802
efficiency,0.6307653964960959
spoken,0.6306182596038041
locally,0.6302170201077
emergency,0.629680435124038
rebuild,0.6285994529550046
sny,0.6268967596290673
determination,0.6264796610635572
routine,0.6261815724530344
rectified,0.6251314016359434
strange,0.6250895122177971
proof,0.6250339159597413
prevent,0.6238021303103733
pereira,0.623640653296305
bog,0.6225142979418219
choppy,0.6225142979418219
city,0.6218770478218474
unique,0.6216888324679393
cartridge,0.6193670428779167
problematic,0.6193581830356518
implementation,0.6185111244673346
aero,0.6181001100745261
soap,0.6162064981806299
lid,0.6159586436324619
dependent,0.6154638475554307
majority,0.6151445491816224
becoming,0.6146997826772986
exactly,0.6145931773904775
summit,0.6144785803329031
cockpit,0.6143125166651627
initiative,0.6140888171208276
specially,0.6138535637429834
counterpart,0.6129927749202342
instantly,0.6121165847217662
estate,0.6119659915357963
dale,0.6111913744405181
camera,0.6109645579244039
jam,0.6106920729369517
salesperson,0.6105001435050132
fund,0.6103350838608413
budget,0.6103350838608413
recurrent,0.6100909486574209
yahoo,0.6094813471045608
anti,0.608633775151244
identification,0.6083460413623545
everyday,0.6082570226589588
timing,0.6071880832212286
proceeding,0.6066632309809001
navigate,0.6066417721289432
nice,0.6062294687002991
depute,0.6045924204124957
daylight,0.603492107909509
projection,0.602899287928046
pane,0.6028050409833685
trail,0.6024098337490541
mismatch,0.6020860935087231
unexpected,0.6020741026420295
expiration,0.6018306973363956
providing,0.601120453172402
titanium,0.6007418502119682
pone,0.6001394822271049
remind,0.5999153836654714
raid,0.5995260341056381
incompletion,0.5971588818035736
reserved,0.5970934257984805
kreis,0.5952655308896861
easiest,0.5951930524898003
imperative,0.5948157676005015
instrument,0.5941458876710889
freeze,0.5932383769388084
modeling,0.5931468635522695
brand,0.5927174222403886
agreed,0.5919789781156419
stocks,0.5910405814176564
clearly,0.5885793387777566
east,0.5882410257338068
tray,0.586983448562536
utility,0.5868831477321731
brought,0.5863898092635733
replication,0.5854095461501255
knowing,0.5838516748131738
allocate,0.5828428073182003
finishing,0.5820854025894975
fitness,0.5815704820929095
reduced,0.5809285758264056
neal,0.5803995823308566
brock,0.5797521987983778
wall,0.5794030425207369
spread,0.5793652652530001
spool,0.5778297091934652
minimum,0.5757350878551166
chart,0.5756399972381958
qualify,0.5756037828233573
consuming,0.5753419450094852
somehow,0.5747791053969473
billed,0.5747382464218543
fetch,0.5744583773905462
duty,0.5735636194635423
gas,0.5721818323778789
maam,0.5717407627053993
legal,0.5712466378581218
targeted,0.5702855408121537
creator,0.5693577129564631
west,0.5681245108660735
lathe,0.5677349288786375
silent,0.5675818304031873
hooked,0.566765216874324
microscope,0.566765216874324
drum,0.5661324650189966
ey,0.5655471163649406
locky,0.5643978107886506
survey,0.5638331844891085
braze,0.5637212227762551
pen,0.5633838915571473
improve,0.5624184419224095
official,0.5623138949253625
analyser,0.5613715932381556
bunch,0.5603025415564877
depend,0.5599472069490045
mob,0.5599198391355541
theses,0.5587457269378766
sever,0.5583719605143908
research,0.5568346051318748
la,0.5548833079418114
baker,0.5548734126825795
limitation,0.5547943064923243
permit,0.5542332132323194
handset,0.5539318390574098
awhile,0.5524748891435488
absolutely,0.5516199079039992
doubt,0.5514507118365998
spend,0.551084434792297
classified,0.5483613413233903
break,0.5482576530144179
st,0.5480954334121362
collect,0.5480556993791654
exceed,0.5455615291846225
six,0.5442114068970655
attribute,0.544014051735382
buzzing,0.543084211683345
instant,0.542815130052891
flat,0.5409112768116504
graphic,0.5407068006064668
upcoming,0.5402744087261477
unfreeze,0.5397848615492842
leasing,0.5394131390815526
earth,0.5392504220753686
pad,0.5372441422427425
clearing,0.5372369591840528
easier,0.5369990223917653
visiting,0.5366324789126791
obsolete,0.5365589530376491
outlet,0.5349062669956077
turbo,0.5348028288086072
reddy,0.533741109715904
boss,0.5329782726885104
learning,0.5316492521850045
lo,0.529374301981802
reallocate,0.5292071135427842
courage,0.5290268849420215
compare,0.528099455226479
quota,0.5269852266871742
backed,0.5268236413157209
ripple,0.5263299146263231
powered,0.5252547057090956
technologist,0.5251626995332946
pause,0.524921191009786
quarterly,0.5244307307070625
western,0.5242011984494097
proven,0.5238706014916361
foun,0.5238706014916361
fact,0.5222325298589567
massive,0.5212939884237091
negative,0.5209499095755259
recruiting,0.5206476340158273
fluke,0.5197406713840546
appliance,0.5197406713840546
guru,0.5181515608182554
decided,0.5176812159122882
grateful,0.5159600432469731
luck,0.5156208149579411
sup,0.5154697577978458
improperly,0.5154498432748319
transit,0.5141606363349334
involve,0.5132125890609445
postal,0.5127012130227263
cutting,0.5126203886343177
portfolio,0.5120913555368375
roanoke,0.5102948216665295
hibernation,0.510254325544758
registration,0.5101495487988271
imply,0.5085069933818617
drawers,0.5077723602713884
adjustment,0.5077723602713884
depreciation,0.50746466289663
spot,0.5063258132566465
tally,0.5045862862220231
self,0.5040167061112721
thus,0.5039562072175551
sides,0.5034335571057259
conflict,0.5030198190506416
overdue,0.5027585541960318
piece,0.5023876625949553
wired,0.5018085136534001
suspicious,0.501634253907854
productive,0.5005789849453697
agree,0.5005501537388328
urgency,0.4997093965068894
discovered,0.4988353241454765
realm,0.49810723704659693
heavily,0.49806188899444814
advisor,0.4980001180676377
routinely,0.4977712401056984
priced,0.49755255684176425
span,0.49709632376833846
accurate,0.495842024175975
experienced,0.495542042863245
topic,0.4942573080714353
basically,0.4940683597939597
loader,0.49405918910706087
privilege,0.4931415633915369
preferably,0.49288833896889744
forever,0.4924856265780852
obviously,0.49133367009834017
feeder,0.49057015776590573
eh,0.49043440275013883
paste,0.488916646737254
membership,0.4888007754740818
unregistered,0.48874639687410587
noon,0.4884129082833906
clint,0.4877626292025056
rolling,0.48749312623470775
recurring,0.48706615124567126
fro,0.4862367209491826
fora,0.48601875174203435
await,0.4845771091703023
angelique,0.4842062720371537
windy,0.48395856875994925
imp,0.483882758611899
prepare,0.4833560967541457
sense,0.48121326544571
accede,0.48103129906965414
unrecognized,0.48103129906965414
discuss,0.48055286634495076
confidential,0.47986711612999217
exception,0.47903784097221314
gap,0.4781061498333058
dint,0.4780621349246356
chairman,0.4776132701375995
walk,0.47743028250689373
thrice,0.47637277465262295
spelling,0.47606321821294395
handled,0.4757097667247125
assumption,0.47549048154746637
beneath,0.47545455180361806
dinner,0.47544224946900115
eternal,0.4749276328684112
notch,0.4741745391839043
lack,0.4729491946826093
li,0.46985981615742106
scrapped,0.46908298425009654
quantum,0.4679680654943864
volunteer,0.4678885166680092
carbide,0.46761496511570777
rick,0.4673450854986396
polling,0.46584632953259925
highlight,0.46479203708780353
punch,0.4643194944021802
marry,0.4633388712952951
fulfill,0.46207005515395605
heating,0.46205504189785185
convenient,0.4620444244905331
beacon,0.4618202520959409
bee,0.46051184144552315
disconnect,0.4601182553830838
awa,0.45920680897602595
integrity,0.459178813077896
injection,0.4582508285511816
constant,0.45784264837965505
metalworking,0.45762220610085685
pressing,0.4571656576006429
regard,0.456367876822892
stillstand,0.4560122619525403
udo,0.4560122619525403
everywhere,0.45568367973602486
loan,0.4550130531371322
significantly,0.4543584512685202
disclosure,0.45095888642606
seeking,0.4499420479092786
tut,0.44791662763222295
initialize,0.4478115824008701
recode,0.4478081426685133
flap,0.44709024544986625
clearance,0.44649477716538505
paar,0.4454657229371161
shall,0.4443910988119629
naming,0.4439976328299581
exploit,0.44239735180107387
figured,0.4418791286284
ging,0.44172160771865343
visit,0.44094807901359506
exploring,0.4405101426527636
editor,0.43974425342634
arrangement,0.4392289782400879
bash,0.43824644961094394
grey,0.4382320446067874
workshop,0.4382049031620975
angry,0.4373981591823056
closure,0.43729052010721914
preparedness,0.4363046836432409
severe,0.43611951370851265
mason,0.43519991030084804
enhance,0.4350616715325273
specs,0.43458584905981257
scrolled,0.4343480835990384
bag,0.43421063575585267
adopter,0.43421063575585267
helping,0.4339222342045784
flush,0.4338009082390426
horrible,0.43359580307190615
loosing,0.4311187885525446
pavan,0.4310982725586266
reg,0.43036216194230237
manger,0.43030507945277574
finial,0.4300188448238271
colin,0.42974913729901726
mutual,0.4292902202845598
suffer,0.42926984411989283
associate,0.42891447064480237
resigned,0.42890117274621964
accidental,0.4286709068955876
hinge,0.4286709068955876
hone,0.4284971000827314
miss,0.42819560859136774
mother,0.42720938254507396
produce,0.4270537969662515
erase,0.4269624587387883
paying,0.42688539505377443
el,0.4265128366449603
redo,0.42632778605669136
tha,0.4256537689338131
hardness,0.4256537689338131
seated,0.42523864598111455
meaning,0.42475645658296035
weird,0.4233425188569411
instructed,0.4225969421709051
phase,0.4223472004601449
vas,0.4223472004601449
curser,0.4213099168023585
listen,0.4211642960604226
constraint,0.42081247791352255
hourglass,0.4197771100038827
banking,0.41923235340181336
workbook,0.4192138813854566
sometime,0.4191485475206822
stable,0.4186192736443349
shaking,0.41846984853857017
thro,0.41798387034019624
listing,0.4179575288132356
detection,0.4169158125961201
corrective,0.41637755750922245
excuse,0.4162754141249111
safety,0.4160826046275744
surge,0.41549807245545606
structural,0.4146996316719299
victim,0.41250875543561916
length,0.412284290194338
replay,0.4121121123945108
cooling,0.41172883542268257
perfect,0.41035212440056623
arcade,0.41035212440056623
unresolved,0.410247739516057
holder,0.41012408185484767
gen,0.4096543254295473
ing,0.4096543254295473
weak,0.40959950685914004
barley,0.40959950685914004
reselect,0.4095445643677084
correspondence,0.4090328961299715
foundry,0.40882399602136854
odd,0.40769664895674884
spell,0.4069745307442703
reinstate,0.4061735757225134
exterior,0.40578398914775476
early,0.40572572191016976
begun,0.4054521121413825
sessions,0.40499110046991743
ink,0.40428041235986073
dow,0.40420854189154565
clientless,0.4035912985448581
snaps,0.4035912985448581
al,0.40348355810667946
defect,0.40304418149292087
care,0.40303189151147706
ta,0.4029382337527277
carried,0.4029382337527277
waste,0.4026579945838468
extending,0.40188975484072004
ti,0.4018668126832789
translation,0.4018023268712186
federal,0.40084677918799483
definition,0.4002231748800914
tender,0.39964726985021476
author,0.3991745114444856
uncaught,0.3991745114444856
bop,0.3980942059202671
hourly,0.39755530207224093
delegate,0.3973489483841111
discovery,0.3965106926530057
college,0.3964861549497707
fort,0.3964861549497707
defence,0.3964861549497707
allocation,0.39540490100310555
bu,0.39540490100310555
entrance,0.39404078896753464
progress,0.3937909078360081
abort,0.3937761499174367
helpful,0.39321650238246475
indexed,0.3923775757856374
schule,0.39183490423548384
leadership,0.39148898356323225
bridge,0.39148898356323225
revisit,0.3904472238031636
fu,0.38985588293534634
safely,0.3894914594667517
engagement,0.3887848816458742
helper,0.3878076996149126
hunt,0.38739795838481206
prototype,0.38739795838481206
absent,0.38731254172224244
fragmentation,0.3868097993987606
tinning,0.38660011332786326
bell,0.3865414602562349
health,0.3865414602562349
deduction,0.3865414602562349
inconvenient,0.3862085472682715
officer,0.3855829524427893
apparent,0.3855597703254842
fever,0.3855508702252513
ten,0.3852609375789152
cross,0.3846728950900838
demonstrate,0.3843020311280413
readd,0.38381104683591893
periodically,0.3835171197306295
shed,0.3827583969723668
cent,0.38216159213519574
preparation,0.3809861736820999
spindle,0.37709431612114813
negatively,0.3769020512525182
detachable,0.3766795309178802
venue,0.3766795309178802
consult,0.37665523476581986
supporting,0.376070149426898
nil,0.37588345524027833
tackle,0.3751871481789746
workman,0.37494149038905306
ug,0.3748775548030606
unreadable,0.3744035974869234
seiner,0.37416000827000323
needing,0.37377624894479416
devise,0.3729416512924046
wish,0.37220916336853543
abandon,0.3721827121403573
substitute,0.3721363916819561
door,0.3713991630517946
hoi,0.3709943265844076
letter,0.3707588346376602
unfortunate,0.37025825004328256
complain,0.3698896054950562
fulfillment,0.3686228454775874
warn,0.3680684451416838
assumed,0.36733036175091865
exemption,0.3672466338210058
reside,0.36703702303316
feasibility,0.3668130404762319
raising,0.3661536586446119
stoppage,0.36614784380076737
brief,0.36614784380076737
ross,0.36568868741547944
bath,0.3656743455545459
lax,0.36556197485841624
reroute,0.36466703682748747
disagree,0.36336367867337094
careful,0.36336367867337094
sequence,0.36274039791458174
suppose,0.3625109506751913
student,0.36166404050510104
mixed,0.36166404050510104
imaginal,0.3604733857783695
hinderance,0.3604733857783695
retiring,0.3598180655057272
irrespective,0.35923316071299427
criteria,0.35923316071299427
pair,0.3581953845968751
widespread,0.3581146135447744
generator,0.3580477131279565
deliverable,0.35736516373867006
actively,0.356888447581362
excluding,0.35589033148955024
protect,0.35518872382808303
designed,0.354474880353958
talking,0.35341918031330577
republish,0.3525746816080044
hakim,0.35132949760744175
analyze,0.35130493451216355
defender,0.3510121223751753
polska,0.34984253360752415
tiresome,0.34973438841229304
four,0.349311810808313
pan,0.34824624065693993
class,0.34602436559400085
ways,0.34587965971136325
random,0.34470297189194754
stick,0.34449297224490655
interrupt,0.3443689449006718
wasted,0.344317550563452
capability,0.34401363927121836
ranging,0.34349433939342267
generally,0.3433511988730771
dispatch,0.3433511988730771
quits,0.34326235221714807
formation,0.3429910629626227
grouping,0.3425229855780515
expand,0.3425229855780515
responsive,0.3425229855780515
consumption,0.34250792327678903
suffering,0.34250792327678903
exposition,0.34139238860665666
lance,0.34135100710961835
governance,0.34126650748303755
cancelation,0.3409988132883791
organizer,0.3403179921534933
harman,0.3403179921534933
absence,0.33975293526020645
forecasting,0.339727401030886
insure,0.339727401030886
cleaner,0.3391274624831638
resign,0.33861860772878205
usar,0.3373868967410039
pal,0.3362811687947957
ope,0.3357308660886141
mirror,0.33485003024088544
plastic,0.3328969942756671
groove,0.3328969942756671
ticked,0.33287935065889135
sad,0.3321877888126596
cor,0.33191227839583565
abode,0.3317213055188299
lapping,0.3317213055188299
ko,0.3313933362807834
duel,0.330500176017572
fourth,0.33016805003696703
lots,0.32976265268733634
ascending,0.32976265268733634
nightmare,0.32976265268733634
inlet,0.3287546428630355
ambient,0.3287546428630355
simply,0.32822153872056353
lag,0.327862036909421
throughout,0.3274802976583851
environmental,0.3273272190305329
confidentiality,0.3273272190305329
caution,0.3273272190305329
sole,0.3273272190305329
exempt,0.3273272190305329
strictly,0.3273272190305329
costly,0.3265129861148247
deep,0.32645272605411463
dive,0.32645272605411463
whereas,0.3264332932439969
intellectual,0.3262495528781846
periodic,0.32613215116747324
din,0.3251288072652146
law,0.3250771168777119
discussion,0.32469152739841844
ben,0.3243978635898367
patience,0.3243978635898367
milling,0.3243102219198373
substitution,0.3243102219198373
collective,0.32266107809550715
beside,0.32161944764273215
pat,0.32161944764273215
incase,0.32132664260838245
designation,0.3212485211757081
elevated,0.3212485211757081
te,0.32116536668396906
errata,0.3210621648261699
unsaved,0.3208332596274118
mainly,0.32080372359359793
settled,0.32080372359359793
expanding,0.31987597814494545
container,0.31987597814494545
preserve,0.3178574428572413
corrupt,0.31742317448642154
accessibility,0.31724234249869643
poe,0.31701538877558655
injector,0.31701538877558655
positive,0.31623358248086664
younger,0.31623358248086664
effectively,0.3161829551077203
teaming,0.3159646339700587
grouped,0.3150592440928515
reversal,0.3144310896553009
timely,0.31441268500688
shiv,0.3137806295032655
taps,0.3132663338217545
mathes,0.3131067262569593
resp,0.31251695797987067
rage,0.31241683528647646
temporal,0.3123655598200059
hasta,0.3123655598200059
expert,0.3123655598200059
deadlock,0.31124553056051457
rerun,0.31124553056051457
reprint,0.31101071383229983
lane,0.31101071383229983
gate,0.3109982741020801
context,0.31095352463835185
initially,0.30973178802034873
contractor,0.30962021218039487
significant,0.30962021218039487
authenticate,0.30810324909031495
exclusion,0.30790862922737383
legit,0.3072392901664516
distributed,0.3068411331946002
tutorial,0.3066980063128447
realize,0.30414495322592217
clue,0.30392124053232
proxy,0.3021684944062323
payable,0.30202577549091325
expect,0.30191365404352694
modification,0.30170617917682774
meanwhile,0.30097130914337955
deactivation,0.30097130914337955
drilling,0.3003709251059841
firstly,0.3002945055378033
glimpse,0.3002945055378033
speaking,0.2989105952638245
faint,0.2989105952638245
depending,0.29794511311268956
vidya,0.2978021551417627
five,0.2972736797073434
shouldnt,0.296689267332675
literature,0.29663055141629335
gaining,0.2964429366702731
tot,0.29641477416917245
spoke,0.2958504114055104
sucking,0.29483255283298654
gear,0.2937615625858472
linking,0.2936797368459043
preferred,0.293491724281268
basket,0.2925596989168349
grid,0.2925596989168349
pasting,0.29234114413016016
consultation,0.2912536698062341
competitive,0.2912536698062341
easily,0.29032580013923526
exploitation,0.2902718525102771
characteristic,0.2897254701944623
cest,0.2897254701944623
guy,0.2886773606962591
laid,0.2886773606962591
talent,0.2875410665676002
cope,0.2875410665676002
internally,0.28696477940030024
extent,0.28652899212046157
metal,0.28532746245127966
profitability,0.2852171094441982
dup,0.2851234594332937
roll,0.2847052140679146
stub,0.2847052140679146
wim,0.2845885356022526
gross,0.2845379274632465
vertical,0.284348686233005
pic,0.284348686233005
additionally,0.2840503732551868
ladder,0.2829996996742954
rightly,0.28254972060875116
enormity,0.281043558779154
humanity,0.281043558779154
mankind,0.281043558779154
insensitive,0.281043558779154
revers,0.28046090192954043
bottleneck,0.27703709353526224
prove,0.27703709353526224
disprove,0.27703709353526224
receiver,0.27644333592812614
changeable,0.2758945003312705
batter,0.2750821428129746
express,0.2750821428129746
corner,0.27493545187883456
inward,0.2730204270875281
photo,0.27222578432352523
flight,0.27222578432352523
seating,0.27222578432352523
turnover,0.2718100034588909
satisfy,0.2718100034588909
och,0.2718100034588909
thumb,0.27125790481942097
pain,0.27123930297835996
mint,0.27070089369559514
rubber,0.27070089369559514
separating,0.27070089369559514
super,0.27070089369559514
glue,0.27070089369559514
dene,0.2706864087731826
jay,0.2698514247273483
persona,0.2689890387377863
convention,0.26849800476728486
mo,0.2671542747345259
toll,0.2671542747345259
subtract,0.26704266932109955
mechanics,0.2644661731636749
evaluation,0.2644661731636749
executed,0.263710913714589
migrate,0.26300120103626884
retroactively,0.2619379202463477
illustrate,0.26116552408557375
bases,0.2607409573910325
eliminate,0.2607409573910325
hint,0.2605598164910706
observation,0.25964237897278764
effects,0.2593119240286533
street,0.25925611537475324
herewith,0.2587556747427286
aspect,0.2587556747427286
unaware,0.2587191495093986
forum,0.25863949347503395
suite,0.257894798863436
accordance,0.2578563078490236
highly,0.2578563078490236
pax,0.2576789909949707
suggestion,0.2576789909949707
marc,0.2567291620303216
unresponsive,0.25658250593965903
daisy,0.25601065408970347
physically,0.25515989629396785
opt,0.2550491205737431
un,0.2546609480422498
moreover,0.2546609480422498
towards,0.2546609480422498
combination,0.25231240674118194
telephonic,0.2508884598944853
operate,0.25066532202139397
hovering,0.25027875547514894
occasional,0.25027875547514894
fusion,0.24968906500813334
middle,0.24842902465289596
dos,0.24823942517364223
rede,0.24823942517364223
therefor,0.24769327399410257
mostly,0.24769327399410257
intuitive,0.24708270777386607
disturbance,0.24675394421237687
passworts,0.24655209902226663
participant,0.24649379107778085
hugely,0.24629589217607376
house,0.2458994754134339
visualize,0.244705112919176
disruption,0.24465430174983513
inconsistency,0.24465430174983513
sun,0.24414767448568372
scenario,0.24412505766268738
persist,0.2440956745045479
density,0.24374656311735388
duplication,0.24338921073321848
wear,0.24103398769807458
sit,0.2408559318461089
reduce,0.2408559318461089
presenter,0.24055689672752986
dealing,0.2399143493790154
momentarily,0.2399143493790154
refusing,0.2396004318012727
systemic,0.2396004318012727
wide,0.2396004318012727
filling,0.239375564135177
confusion,0.239375564135177
flea,0.2390310674623178
serve,0.2379392963548559
io,0.2379208435587371
sky,0.23718655626752183
whereby,0.2364195679867129
purple,0.23606939094714613
visual,0.23549155082865464
coverage,0.23549155082865464
strategic,0.23474795965482945
tam,0.23450655051984326
inner,0.23450655051984326
aka,0.23450655051984326
decision,0.23412688260588382
enhanced,0.23412688260588382
affection,0.2339840327471932
investigation,0.23329714398152507
kernel,0.23317558753290712
eventually,0.2331567856065288
tu,0.232225263443422
string,0.23146032750335863
diagnosis,0.2296380808957928
alone,0.2292984109096551
globally,0.22888277091896606
comprehend,0.22888277091896606
responsibility,0.2286493255392446
divide,0.22853752632765062
dividing,0.22853752632765062
whilst,0.22816421835419268
wake,0.2266954324175399
annoying,0.2266954324175399
prefer,0.22643166471457482
comfortable,0.22536235290475656
discrepancy,0.22446060941544632
piper,0.22390407133425666
southeast,0.22390407133425666
unknown,0.22360885368312783
dinge,0.2221407314552312
ending,0.22200215925529507
observe,0.2212318292249801
emerald,0.2212318292249801
approximate,0.2204631959686232
trip,0.2204631959686232
silently,0.21822777835319213
ongoing,0.21785592189650352
attacker,0.21734985833392853
plugging,0.2161785781140161
wester,0.2161785781140161
accuracy,0.21512444786641696
comment,0.21468152468737606
costing,0.21365794062764465
mat,0.21365794062764465
itemization,0.21365794062764465
split,0.21365794062764465
doubled,0.2131208562647604
initiate,0.21244942800975006
disturb,0.21118289818163255
alloy,0.2108522049645341
distorted,0.20656245707531337
pivot,0.20656245707531337
complex,0.20656245707531337
inter,0.20588353839341145
welling,0.2055244740219764
lee,0.2051238697580285
lately,0.20353771215083333
transferring,0.20353771215083333
becomes,0.2024874461077888
relatively,0.2015088688354468
multinational,0.2013289972919234
broadcast,0.2013289972919234
bas,0.2013289972919234
manipulator,0.20118430235062695
beneficial,0.20115504864854958
sized,0.20115504864854958
comparison,0.20115504864854958
lighter,0.20115504864854958
blasting,0.20086343026721565
theft,0.20070611187250187
